timestep,generation,time,collection_time,train_time,return,episode_length,entropy,policy_loss,kl_approx,clip_fraction,ESS,value_loss,explained_variance
70000,1,93.16259789466858,22.12203097343445,66.68831777572632,-0.8221295910912592,14.872930732933256,8.438695108568348,-0.023674098501377222,0.01013200019235193,0.14680698372559392,0.9798361709826213,0.1278432935872765,0.16950867844431666
140000,2,187.298504114151,43.72060298919678,134.30527067184448,-0.7851711362600329,15.32315561506483,8.419520431094702,-0.02129695972756275,0.013885600143614101,0.16695740843412282,0.9773522682225954,0.12468834981736995,0.24190352954116906
210000,3,283.3300030231476,65.72350811958313,203.35888767242432,-0.6521231207777474,16.1219077390783,8.384247695698459,-0.02066543328568114,0.012844627505262555,0.15274595717461356,0.9789383208113543,0.20897208939626793,0.25157362301993924
