timestep,generation,time,collection_time,train_time,return,episode_length,entropy,policy_loss,kl_approx,clip_fraction,ESS,value_loss,explained_variance
70000,1,48.113327980041504,22.544620037078857,21.63081693649292,-0.3586109398553769,23.54382181167603,8.232983430226646,0.2953017243247959,8.404977177155299,0.9721510144252007,0.026727858961026658,0.23496901469535678,0.21060688113247603
140000.0,2.0,94.7492241859436,44.217479944229126,42.696292877197266,-0.6437659775838256,17.597635507583618,7.9459208250045785,0.2252101945094199,3.4047008644775523,0.9314340626984301,0.08814637625118825,0.16048838984553837,0.3390179264183766
210000.0,3.0,136.66650104522705,66.64876127243042,59.09570860862732,0.8498932905495166,33.53654261997768,9.524349757603236,0.17385748091236997,0.8914727689826055,0.8406679271091003,0.24731269297407127,0.5152232749948616,0.3535319431710744
280000.0,4.0,194.96617102622986,88.38989734649658,90.45560145378113,1.9083976768530333,44.02645962054914,9.90953980959379,0.22679602336881502,1.7573774903590411,0.8964999443605796,0.11994837727344554,0.7169128643906273,0.43987261109033615
350000.0,5.0,252.3744637966156,110.3634603023529,120.61615252494812,5.7116996220179965,74.7395259312221,9.698966298784528,0.1410448716763129,0.4507545178318853,0.8110617625922824,0.38842838589125167,0.9652873474964947,0.5409155322703009
420000.0,6.0,311.290798664093,132.1639392375946,152.2382025718689,3.6629251133311875,52.08380681818181,10.428693511269307,0.11369652684626363,0.34987976481784344,0.7888258682278553,0.4942836798701894,1.2536585688978177,0.5016743393980059
490000.0,7.0,369.5154285430908,154.2296211719513,183.3104956150055,7.356659518347845,61.72908528645832,10.801163143581814,0.08447147845669949,0.18108275642504684,0.7070870458252729,0.6868811633974908,1.6543737933037839,0.557632248613917
560000.0,8.0,426.17757868766785,176.28535223007202,213.14493656158447,11.304893698011126,79.21849496023997,11.117408343723843,0.060876315867386586,0.11258400060114218,0.6365948946404663,0.7964701648303895,2.024598018579655,0.6075604901828027
