timestep,generation,time,collection_time,train_time,return,episode_length,entropy,policy_loss,kl_approx,clip_fraction,ESS,value_loss,explained_variance
48000,1,69.46661615371704,52.747934103012085,14.507397174835205,-1.072284460067749,73.39449310302734,3.8322646617889404,-0.046381265655917166,0.03044520706697636,0.236228338541778,0.9584318991853499,0.008164513156077607,0.4134938446711343
96000,2,142.73496103286743,110.17123913764954,28.925501346588135,-1.0795695781707764,74.0740737915039,3.799861192703247,-0.05082072421634157,0.04160313631939445,0.29226565219162165,0.9552997125399272,0.0026767431097351755,0.34640586532641654
