generation,time,collection_time,train_time,return,episode_length,entropy,policy_loss,kl_approx,clip_fraction,ESS,value_loss,explained_variance
1,34.29403591156006,28.137577056884766,5.789220094680786,-0.42137813568115234,500.0,1.7825039625167847,0.026393327723667016,0.010858026094078984,0.14807500907125223,0.9808527968401225,0.0049289963541508715,0.6105753975854643
2,68.0537588596344,55.65448713302612,11.622838258743286,0.03773750364780426,90.90908813476562,1.760716438293457,0.005723340429618347,0.013392615212842478,0.1746522457545263,0.9767488746135792,0.015733529717226184,0.5140991832972369
