timestep,time,collect_wait_time,train_time,score,policy_loss,qvalue_loss,entropy,td_error,return,episode_length,eval_entropy
300,9.330920934677124,0.3622338771820068,0.3519959449768066,-0.0091427627921802,0.379629878310648,0.4114657979907064,14.85232206564675,0.6881473909917983,-0.0086988052353262,19.01140594482422,23.056650161743164
