generation,time,collection_time,train_time,return,episode_length,entropy,action_std,policy_loss,kl_approx,clip_fraction,ESS,value_loss,explained_variance
1,116.7147159576416,101.6708631515503,14.421781301498413,1.1331160068511963,13.029315948486328,3.2144455909729004,0.6821548938751221,-1.5023909244537355,0.013628845455683767,0.14304166704416274,0.9767124137878418,0.08455031020641327,0.07071923865899443
2,231.85621905326843,203.10767579078674,27.36947751045227,1.1456010341644287,13.114753723144531,3.165004014968872,0.6774905323982239,-1.1349094114303588,0.011193290415720548,0.10866666661761701,0.9818796876907349,0.17824446654319764,0.1365690001964569
3,347.4773540496826,304.48119592666626,40.9962043762207,1.1874291896820068,13.559322357177734,3.000129461288452,0.6558954119682312,-0.8500369742393493,0.010058505454232605,0.10172916673347354,0.9827093731880188,0.25482023808956145,0.1275097091756761
4,462.77421379089355,405.05626106262207,55.03733229637146,1.197222352027893,13.60544204711914,2.981804609298706,0.6537892818450928,-0.6197212946891785,0.007898703140439403,0.09115416685864329,0.9850954431533814,0.32799838547706606,0.12229699697196483
