generation,time,collection_time,train_time,return,episode_length,entropy,action_std,policy_loss,kl_approx,clip_fraction,ESS,value_loss,explained_variance
1,31.779398202896118,15.266255855560303,15.70230484008789,1.0034682750701904,11.572254180908203,2.7912492752075195,0.6100680828094482,-1.2683887958526612,0.10953519485724636,0.4402430832386017,0.878565537929535,0.25460668206214904,-1.0331111073493957
2,63.08056712150574,30.12841296195984,31.396217823028564,0.9592644572257996,11.184357643127441,2.7046921253204346,0.5962504744529724,-1.0417909383773805,0.018351329072408662,0.1732517495751381,0.9734276473522187,0.3304435506463051,-0.9558851212263108
